id,job_type,hp,ult_gauge,attack_power,attack_speed,move_speed,critical_pct,critical_dmg,hit_offset,hit_size,base_scale
1,tank,500,5,30,10,6,10,100,"[0.01579118,0.5118271]","[0.56,1.026346]",3
2,programmer,150,5,50,10,4,40,150,"[0.01579118,0.5297002]","[0.41,1.06137]",3
3,sniper,120,5,80,10,3,50,250,"[0.01579118,0.5141254]","[0.43,1.031749]",3
4,maid,100,5,20,10,5,10,80,"[0,0.5068946]","[0.43,1.016311]",3
